,x,y,z
0,8.964258055863658,7.324761700200089,0.02409740596417076
1,2.604872447178707,5.217801203083596,1.7845944368721411
2,8.746482935728165,4.315207926107058,9.76405036973208
3,0.9673896788919245,8.072817678512365,3.484379051223984
4,4.30854247460041,5.383923732175486,6.937674196697076
5,9.842293052921908,7.154141599684474,1.9612156987120344
6,1.344326299695816,1.8509612568546496,9.508747131554902
7,9.290478143015893,1.863179268234556,0.7711745038365969
8,1.989573887971925,2.7867754808069356,8.267203751824292
9,4.353533103680077,5.931131491356848,4.042867407440596
10,3.8981970416000165,2.8236048648331735,5.259623659228875
11,8.62208321065708,7.971880809403402,9.972447587372807
12,0.7089003052074716,5.816631451020004,6.204490023387084
13,6.347162062267493,4.451144310771165,8.711695443501176
14,6.031876123987966,0.21804197555342353,2.8790720551695017
15,7.965989497843912,8.453526462760161,2.431423642223316
16,1.614950910766464,1.3430972870054014,5.094026988046828
17,9.479161742756329,4.601915403602828,4.620490332271557
18,1.513028685279194,2.455375157358705,9.491861515030864
19,3.5304454069882563,4.721032750166971,4.270278749691253
20,0.7813828507400167,4.479150360429376,9.353504408185419
21,5.449156527386321,8.254886410204413,6.157654324693057
22,4.3616613404107,4.576122000933475,7.972040458198547
23,1.7746409960849285,6.912777624031251,2.9986122905893877
24,2.407506134641703,3.5447793784005386,4.269210276416065
25,0.07445004312197967,8.495594581176393,0.975064438019887
26,3.666546274880933,4.599506970564383,6.334733168006213
27,1.5376497885025997,6.813281698223154,9.56144594034599
28,0.8987753624413619,8.917817234822614,2.86553871062867
29,5.115803085677286,0.9613466739814114,5.5550991740318665
30,4.705418615463735,4.039876603490283,0.2287357515077959
31,4.676903544856987,7.287322688270327,3.4649261678189633
32,6.042382482809787,0.32293264886566697,7.313380295790218
33,6.289165947627312,7.742647281352303,0.5275783077327534
34,3.938162002717042,4.744505086907827,1.7437047591966282
35,3.7198785158320593,6.125684605294637,1.2995455855350257
36,7.707298403870282,1.5334268334106782,7.619716746886924
37,9.362933389858485,4.134850713584548,0.9747886248632098
38,1.2781037375209425,2.3207646138439264,1.435654992457347
39,0.4461442513239766,9.00326455789417,7.895479865721794
40,2.7027789474803257,6.0923227140164045,9.254811722612597
41,7.237001282129497,4.096666499892473,3.780824742628411
42,9.242022520505708,9.566936243911933,1.8033203334837267
43,5.413288738063889,5.53902695892368,4.556553298222782
44,1.0389347817730865,3.810277049596352,2.006690325495377
45,1.314788031414219,8.266940561324233,0.6932366691333869
46,9.754383025673752,2.150410821744858,4.7882032105046495
47,0.19001030875860803,5.401506745237246,7.087756668799919
48,5.81466173381168,8.414750978244093,8.352089787690106
49,2.3297052850543167,8.404314537543899,1.1089055620895816
50,3.5952011330780875,7.106321415354222,5.391138906381823
51,1.5752313565922293,9.339502819645325,4.980171649321638
52,9.280354256036237,3.871713921929919,7.770320140779506
53,2.447926445323435,2.4246907903809634,4.886557894560365
54,3.248147215424396,7.248429052501661,2.468859936615803
55,1.8596720003551903,7.513119854150601,8.918512439385093
56,3.811888062999005,6.8281804523823055,8.873559970856464
57,1.7518065396747928,8.478139496781456,6.6990833108411305
58,6.235431102724098,3.605552107246157,4.438368052394026
59,0.3522300293478464,7.7795987374950295,1.954300135201923
60,6.1670252448983645,2.385307096269443,5.5956496812657495
61,2.3001464767389637,2.8072227987222775,4.33092263489643
62,1.0553291603602166,3.695399658177693,3.2769695051671333
63,1.2377637887856108,6.934546247313822,7.087361797235331
64,8.361008967230632,6.424838559613709,3.8378844586156644
65,6.231977638605024,7.619938848437063,8.208232321853595
66,6.987872787412797,4.997365398521247,5.444724606864668
67,2.0706027004401415,1.030289696924429,8.550662258549986
68,1.5475781096945374,2.266214811517754,9.982445408101746
69,7.270273621617292,7.263964574955086,3.4436544420111224
70,8.250097746755985,3.835764600377687,5.192739965527727
71,9.477103894450414,1.3706320642240377,1.460657481444858
72,9.453614715033678,3.9070369472865742,2.7388437726370896
73,0.02791862857744909,4.36566928229659,5.685633747238742
74,5.1940598694666225,7.527452763564812,8.07252815193408
75,8.961325224702998,6.538027751129727,4.877818257856283
76,8.550980417676293,7.085047183491183,6.889461580332191
77,2.5170161799090964,1.4145003648088106,2.372581542460974
78,9.200405459739718,9.844919695793978,6.353793741865356
79,5.432969905924524,6.393374174453569,0.6461776436595934
80,0.7392247187614964,3.292878332417941,2.981502168842206
81,6.959583821504408,8.953970689160379,9.158829779151397
82,1.4091782998235214,4.760520840852424,3.5835414636059593
83,5.454355074076873,9.78016209257187,0.7598317973029123
84,4.274916127550644,6.95929120578806,4.510426096249704
85,0.6922908198651634,3.654137121614763,0.5999170714864144
86,9.81139446958918,0.823471254578837,9.741211247179155
87,4.074151757445826,6.518891553396161,2.769061127057826
88,3.8993861251748974,4.7457314176462475,1.6567219562272306
89,6.030342222381153,3.4820444053107433,6.873747366339192
90,7.2906656785815915,4.828461213032277,8.191536582133544
91,5.908836624940759,6.820727036119441,4.047819465144208
92,5.665812580258351,7.508319511253873,9.043731283615323
93,0.14344131887225609,0.9223689774861132,1.3595931975608877
94,7.783594740080418,4.7998859689160085,0.40989956261684335
95,4.921729507141261,1.6705937505527957,2.9022159882943166
96,1.6152218617691372,9.034853311704515,1.394894306025295
97,3.0095466667359894,1.3244296806655587,5.702009255090764
98,4.318558655451027,5.119678393660148,2.9778220961447865
99,5.3937197550867815,2.1869627194768526,4.578570642345396
100,3.400971105877646,8.241801185389674,6.2734364450003675
101,8.846878541434469,0.9100902536206412,4.311493259117528
102,0.03880881089774468,9.282279167206053,5.363032700959395
103,6.11376715402805,2.240259118887743,8.612852853987375
104,1.144454615497017,6.930250489512382,4.280892588175947
105,0.327332064141036,1.957189380679084,3.9362710412061874
106,9.878578470735409,5.800202797915739,1.3835938597124098
107,9.949832797979543,8.281035867344661,4.290035236993576
108,9.263066953223403,3.9725054546297156,7.335587339686366
109,7.240335450562775,2.8307838616141368,7.84845391456483
110,3.3775120188945094,3.3979549486399705,4.906911683634878
111,3.984524066349885,5.109425103473129,4.274971888810276
112,2.8601130837049995,4.316502390986292,8.83363149974574
113,1.5107276135988623,4.211268123822539,3.6646971643320656
114,1.3053900972738053,9.013612332390801,2.7391655244168733
115,3.167546521422243,0.15043361696701618,5.237968020112165
116,4.986966052266579,5.100822032948606,8.589240451784669
117,2.7977960095390895,6.485372548543722,7.743606322818745
118,1.3345818473628168,6.667743353183565,2.9869331341266
119,1.4546513237140923,8.028554095034476,6.532257992455467
120,3.4131162814662632,2.0120690968127732,8.950576067767217
121,0.76595836224714,5.423743551541975,4.862982256197997
122,7.609209656872887,3.527918815907205,8.957858542808347
123,9.088426899817293,7.913633300763619,7.054902546043246
124,0.6885996024485641,7.990978441366749,2.48672825256996
125,5.875966783685054,6.735244351570952,5.549126862564085
126,6.735492700270163,8.554595088361141,5.640684168092002
127,6.346889181002239,3.4215649872958243,1.25945085554114
128,1.8748357989622089,4.615060101625465,1.5484241850308855
129,6.365073767342296,7.562157688017972,0.15666009955009996
130,7.493635229454345,8.656188869721973,1.05755968132496
131,9.613467709506265,7.382399343077437,9.809935623707203
132,5.209391617172681,0.9806616822543524,5.612615048907155
133,3.182709659900358,8.991070525198818,6.216992889870926
134,4.8269784478699105,0.9276172344043665,5.380753525271626
135,3.234960175309356,4.184904183382288,6.823871460036085
136,9.268661301284828,8.95477016463334,1.3413000363227656
137,8.484500474350051,6.465193920573452,8.174288419017152
138,3.462966315508318,9.766309910097949,9.183574961096205
139,3.7844753347508,7.544833711431355,0.4267285048921565
140,3.323395557737477,6.204145946989058,3.4873283427831803
141,1.6877023922756829,7.701822307772613,6.010682658631325
142,1.2998108887661919,6.372911692633139,4.060629135101058
143,4.972977792685265,3.2389640381359586,3.1144356357863567
144,7.477311491128438,3.570730440812251,6.251928490260587
145,6.9663155507760735,3.2400736299172914,0.41736676117091087
146,3.283355868857256,9.517767988355072,8.85982184150219
147,9.601683477934913,2.6107922960292242,4.797515268846597
148,2.952089079400836,7.335646385374668,7.319019179334937
149,4.816193628011116,0.27310854970306275,6.257920878978988
150,6.533006130771767,5.6761166394603215,3.104469995962095
151,1.0502630367076504,7.480293239192921,9.381701907781604
152,7.045902506385893,8.243153553556114,3.7071651901110556
153,4.577617728372063,7.313979626420295,1.6594205149693075
154,4.71970955496084,9.89879319998383,8.598495437502605
155,7.411071582635942,3.521991474938695,6.058112689320451
156,6.136138721324672,9.131344817643631,5.076614516706588
157,0.8829334183754833,1.3351214885797635,6.408756918948983
158,7.212758177985934,5.005910373009229,8.049603943870933
159,2.241202237867601,9.249732419037146,8.358995605336347
160,8.350970154318984,0.3537291687136146,2.5352118385540057
161,0.8063703933719935,8.010703456892916,8.220321183163767
162,6.614976606071469,9.677209470634299,9.759907669006477
163,8.513054382760407,9.64486567092359,4.726191308734008
164,2.6381219266242892,3.6041473296731064,8.905646808778707
165,0.2990296261233183,5.875798647171218,6.550241662101879
166,0.9475321601933429,6.456989350839427,4.143354864246488
167,5.876638745426698,0.5930925831883316,7.657864499943634
168,3.981900843162669,4.640444206856365,4.929388480612725
169,5.923028032761839,3.91299219960475,4.715772567357099
170,8.769622499264141,5.253142513863208,3.925263947673443
171,9.841939174932184,6.858000447378471,7.593517955296027
172,0.747479481375809,6.225194937564301,7.467840153174443
173,8.476359223643263,0.6840191213833613,4.31456318991
174,2.140368381696688,7.234446076318617,4.152937434527175
175,9.080592285558271,6.8818118556306995,7.841833515403937
176,7.518569635948969,5.103977901522882,8.923897143296378
177,6.526749095975973,0.5839040524065453,9.987880473077661
178,4.626058588885914,9.278522553148797,0.18565675770034762
179,2.32191549806408,9.930403446089539,5.34544604619613
180,4.084423343044062,3.708397175802488,2.2502308733284404
181,9.283664107065428,2.6311656644296444,5.2524254343138
182,8.310661460274577,2.81483614728835,1.8691632517545698
183,1.0377384221741237,7.583966230676942,6.017945572506159
184,7.400850241636209,7.034799393207076,1.5419994189010766
185,7.002853668419523,3.107817358659962,2.6343367297326403
186,2.9388909193895554,0.9319786423535203,6.6512300213823305
187,3.287333807655587,6.876799440454989,7.810152941315857
188,0.5786178129124475,5.202401248181797,5.817409499103152
189,4.715239875914355,9.666197868988537,1.3746741077099722
190,7.427891228583983,7.137709381201452,3.493551298240405
191,8.478191369250847,9.918404050487746,2.8913462122344247
192,0.574659791662604,7.267072206894609,0.6206491547112747
193,8.969250713729704,6.060238031025152,5.860473808765578
194,5.413525527399683,8.679918379227331,7.503463929660875
195,3.418078067557876,7.063855046218528,8.635545163309903
196,3.3878792578472092,1.6577858117005173,6.112019322339308
197,0.8678725733125003,0.43612243077110646,3.864861219768404
198,3.6103592245925755,2.653871382709261,7.586299082293096
199,4.35851075753786,2.9428921935520034,4.992601948397221
200,2.818131660293756,6.678616030656482,9.449362710853965
201,2.700998552011643,1.3631123560413672,9.917591057359365
202,1.6536473106558136,5.254928640117937,7.764419499149298
203,6.011340082935722,2.075551325199434,5.587611413643905
204,2.602701011777947,9.60857109676526,3.0246096526014057
205,9.716025720916484,0.6224633504875021,8.848651654441516
206,1.0686720164142705,1.6084032988013053,8.676929242412118
207,2.4798689158313882,2.167830974744703,3.0456902477419456
208,3.0045221245903497,1.462596127489375,6.846895880550631
209,2.6038833111395787,9.13373117584929,4.479551392514348
210,1.1705596620087022,4.028223433948941,1.8462107124743632
211,6.540695217138951,6.535186659868733,5.438056330002675
212,1.981136822649896,5.821239713545228,4.646098217498436
213,5.387430398323863,3.3329308170890624,7.5104202133552755
214,6.524410588193051,0.9445803353897642,9.529087134231393
215,2.0826085960424834,1.0568901529644459,6.760596877831856
216,2.143916417146415,8.82081133288841,7.956417903758563
217,3.025834873627532,9.428078286059261,8.662852253317727
218,7.701673000045916,3.1486438539687986,0.8572544166515816
219,9.350373901926297,2.823571970493232,1.5735738171211056
220,0.9864545833460736,6.137019779429657,0.019972443104022686
221,0.24512899006936206,0.9114049680898073,1.8536953036892057
222,8.481340570007276,1.7458072848288808,7.928803152649831
223,8.589012043462528,5.090430902262363,4.95726459815474
224,3.6108483184291176,0.4426370383340028,8.131018991193935
225,5.211746751192575,8.650264682023778,3.8341098469170998
226,5.647601030637757,7.300528774490671,8.918639988655846
227,4.859776565241946,3.431265849618689,6.1561174773248215
228,8.260179074571028,6.993162263144047,9.009246772530355
229,5.085296516600652,3.738636307238913,5.6568917704328
230,1.4850392099367404,4.620369432829557,5.318180529691171
231,5.133928778858118,8.65032731730994,1.7203919983227367
232,9.665969517164374,5.349614775885686,8.977501631955997
233,1.3298612149295486,5.84403119711851,3.4681193691700685
234,3.914317541419029,8.624870092403224,3.6094569741491602
235,8.566925814735512,3.0703399470589163,1.03963411192166
236,9.414741341125326,4.089958021098524,7.4101539523223
237,6.122087799020099,0.12092036421032071,0.13493287708099877
238,3.050547596384016,4.93959772005962,5.211946092235599
239,3.216274527446367,9.028560361854492,6.432509178098593
240,7.221961551089768,5.908964553615313,6.501605268587963
241,1.915785855451817,6.59000910512789,8.966920142499951
242,6.7691798762257624,2.5236191195650526,8.65915255671683
243,1.5986460779112244,0.3146843306098934,0.7327212760708834
244,6.085987937132779,8.759834642667762,9.318353726143481
245,6.222960797598118,0.30934731147335803,9.81950132342656
246,7.2703839961082934,8.82488885068698,7.937554940009546
247,2.5383097253834173,5.222109780748102,5.729788201509387
248,5.600217544552488,5.6306774864659515,4.408229149238345
249,2.605204493501554,3.9784821625848856,2.1366753460726198
250,7.285784898823573,6.5780395413523065,5.68064078798229
251,4.841405738606314,9.05861409156865,7.409571760909392
252,9.38238144571301,9.066376994668662,8.301204172694277
253,1.644882219302235,0.739318334804494,0.5959371261668711
254,2.6867222267186497,5.338802454125395,7.899440757999777
255,2.0769982910913463,4.796191916041895,0.4155752055429218
256,1.178931694097619,7.820764152241156,0.9501120548181452
257,1.3082843335672245,7.073485834013493,3.1091711951766134
258,7.932294812958452,8.58269268907599,9.055790913377646
259,7.733393943591049,0.5986152567304937,3.503335708728347
260,8.247940934021354,4.953576411552799,2.935582738595537
261,3.5328292051709322,1.3345903047832686,2.5444557854702197
262,8.064218314923568,5.340485360644676,9.733288712216153
263,5.79768938388825,7.139329451217593,1.3850985991341314
264,9.686533743492728,1.2218726284228898,9.195180909538
265,2.5955384746121526,0.2894663817222509,4.355643515950096
266,1.8845369227607744,3.1144894875060594,6.517027945605833
267,7.615675730048901,5.2367997452657935,1.9445972834752157
268,7.845593925110022,8.439162595508396,0.6253089764321107
269,9.470505863012548,3.1436323541004496,8.249055000334577
270,7.716853040714194,8.44937156149664,9.049362991028326
271,9.080427043901796,6.241924276259056,1.211074356441646
272,6.626381972666682,3.502143988805896,1.5508804523245068
273,2.1470077070715665,8.206709727271898,5.167510383957639
274,4.311389547858683,0.7906048546829392,5.824277816880111
275,0.13401614124740502,6.237579999740773,0.17770891190211024
276,9.796918689021163,4.244512950535773,2.0795161805816766
277,7.847620175498062,2.6602967388204393,1.8552212831674808
278,7.426936232572865,6.717221997587793,5.103789242187322
279,1.6220670192207587,9.872412512103043,6.706421733591172
280,8.991531542706173,0.488323496645362,9.00475604542271
281,3.4991872437835445,2.308262494374266,2.4409496672169597
282,5.227473902431949,9.62300329338496,8.649495218644423
283,8.509953798770933,4.073979523744816,1.6078186836960229
284,9.069824667214917,9.430793431851043,2.0909320786054852
285,7.088783737490312,1.2180022260285206,2.782788689965562
286,3.8331538410807777,0.7966372413782175,0.7451425314445803
287,8.693022258546764,5.574140865666282,1.3452841470865584
288,9.295444065875401,5.2622158401773556,7.109688586911478
289,8.301925187279734,9.564669059070358,5.436693707080904
290,6.063717135574596,9.224091359627739,8.116922932253397
291,8.219543207653931,9.822579788589582,5.282049508015687
292,0.6554260154471592,1.9501444375245014,6.225251640185415
293,1.0352786741408904,1.0210206953491618,6.389773016906321
294,1.811959241019715,7.095285427473163,0.9481729282364826
295,1.8953402730697322,4.976670534064743,4.101181503977184
296,1.5370357981817162,8.102155316622643,8.061190748846702
297,2.561427072355187,0.9313326920582321,2.52360179020761
298,3.7533506727708,9.309310624778728,7.635983240827442
299,1.5903899972022817,3.4564276621335144,9.691038133150405
300,6.664251114765243,5.17506386280543,8.330404008976577
301,8.48093311416886,1.62607743552995,5.814125597786176
302,0.18767707152260948,4.33148441315791,5.807373551297142
303,8.597697881674696,6.189918834841436,6.825188939986707
304,8.65376297523595,8.984009669024928,9.330806764225503
305,7.712596140581783,5.01349217802919,5.183897555367766
306,8.39545080416711,5.529209464988215,6.702193313681892
307,6.293337706935284,3.126765846660641,2.3213169904238895
308,3.3616418239425006,5.742854467719707,0.08782053229196896
309,6.30754989175117,5.6241225489411475,2.576988555046371
310,0.2409019652215194,4.171824975705554,1.9689187925582563
311,9.599431550521185,1.1034487275125149,6.659578649734067
312,6.04047098693629,3.652931588926571,4.095698653383609
313,7.6273300182151615,8.302361546930175,1.5184421437830908
314,8.514409724911404,0.8835665253899572,9.621013791707213
315,5.969526923396247,1.0126000261598445,1.8808702228649876
316,4.263241165132566,3.6502442323520623,2.504362765285073
317,3.0906388607173776,5.502006542700552,8.264852412733731
318,7.354977017935813,8.389194074750112,0.14402246782893258
319,3.183076389030066,2.295568162793329,7.3057886431028605
320,4.646488886458121,9.999860814802874,4.334793941525702
321,9.137091283754385,7.930509927388313,7.935288919057949
322,6.386361455572201,1.7071759657706431,5.483874671935109
323,1.1797113086591837,7.788786411217814,7.286442600355139
324,6.683048488741058,5.7264639039667316,2.7281355013304545
325,0.9412896795141312,7.675518623901874,9.222951783498265
326,3.6509062746498087,9.029636578505055,1.5362049468824313
327,9.488062390303012,5.011580962593562,7.378597910796502
328,0.21873485324610642,5.78573145286043,1.9942881296164094
329,6.2912384447398315,4.543208278023761,3.710633416222322
330,1.8224554361004053,3.5649812416774473,3.3198045429676415
331,3.774337764065654,2.3337229017915972,3.5598415510720782
332,0.1535278331824519,1.008253763976369,8.827775292881238
333,4.193293672744527,0.9511845406510966,4.403246054913071
334,5.934304157370157,1.3411097988368625,9.37530355046445
335,9.532935283635084,2.4791839732897056,5.149346969881807
336,8.761770803868252,6.756766202279384,6.503004344688771
337,3.327409048340165,6.310738933379652,9.946731959119516
338,9.502060865584056,9.255127174819208,1.167626823736908
339,3.5693623033461295,9.858376015793999,1.4335433023770583
340,3.909615064329668,0.5002294813180486,8.319045597828916
341,0.3107272687094198,9.452841043840802,4.533092025976209
342,3.0605865117929576,4.224908086643299,2.6556139056490426
343,9.549815009512416,9.686251950146149,2.5529123355460372
344,8.41984688733614,7.4384886219262905,2.422575878750628
345,1.5852536474058765,4.405051646791468,8.47015785210241
346,9.975556681567683,3.2057718841165395,6.551362416644154
347,8.69784945209148,7.336272385254716,9.918095439056692
348,7.572525057569045,3.227222824757412,5.441927090620819
349,2.724524379390637,7.8351923088214415,6.400557298646252
350,8.888715672291642,0.614533998848541,2.6542923479230254
351,5.769144555941699,0.4177491602858918,3.0221388302471643
352,1.4868265781292656,4.058749665800897,8.869428228237034
353,5.174821399219117,7.6960442172749275,7.266139071697728
354,5.324648104639669,8.527201513780096,7.03856821543536
355,8.277172498155977,3.7332443659243673,0.1319382283287318
356,3.4662557842843267,5.4840755376000825,1.1085298676951627
357,3.218090871897923,4.189707862535145,0.7529100450493442
358,3.983510186864281,3.8767563406114403,4.053303239189266
359,7.783389257440803,1.155109445521425,5.804189539375474
360,8.955898354724713,9.24767440689923,3.208903936830072
361,0.4956753495037869,4.2949102639537395,4.302057023010613
362,3.275375119610554,2.920012851905579,2.661267298850001
363,6.800097722016403,2.2218630783713103,7.976940126395318
364,1.3157056393143207,3.1660053488690365,0.19170636818692466
365,7.465273202051055,6.953959860179378,1.8076172037106775
366,1.297196872172558,5.348659744459868,7.010991985936017
367,1.9138321864040575,7.634521972387351,5.370172625519263
368,6.396770277029875,3.593074207006759,1.2210833177599556
369,6.861663809881175,6.326292642362076,4.419771649855402
370,3.492499400499235,6.83471516384322,5.413359678566866
371,8.446514884647202,4.292293549709573,8.349251506553754
372,3.4777805540729667,8.777899347630795,7.747509208119144
373,3.4118504098048663,3.031663558958643,3.293839932692113
374,9.714168689222682,1.0335380970364727,7.622473944280763
375,9.222531771917472,8.781245790623325,2.4436981658641876
376,9.875970916683256,3.3961287565090803,5.801304210795495
377,9.695559653626294,3.2425109326990964,3.2498972376296162
378,5.185284293247276,8.997160683124722,6.788563010959371
379,1.0601938966579905,5.157530577611384,8.707872627525635
380,3.0834492898773536,5.5671188439450345,5.813935603043635
381,3.891134735999503,5.045674088541636,7.660862889741875
382,6.800440119863032,9.18615166104802,1.382767331083653
383,8.402599839557702,4.810140264633789,3.325343970250368
384,4.248030280776735,9.891788057361842,2.6633810189287246
385,3.9212003437116194,4.624290223545921,0.8576607801544744
386,2.2210399893209165,3.15969477495074,9.14367577227754
387,9.486931037948386,8.64663519011153,6.864201857219101
388,0.6768165762377576,2.7955693025507267,2.5288894240489124
389,7.346987668325467,6.636678403378934,8.114342519731437
390,0.42706927164099406,1.7260095985870916,9.547809229040677
391,5.939914797549159,4.353776314750984,2.2549977597442137
392,1.7156176529952238,8.26374157623407,9.801150789905948
393,7.018985886700668,4.913582114964287,9.686678771925816
394,4.493711907093614,2.767172474300217,9.233819046294867
395,4.163327232249623,6.521429022484532,5.662315438637706
396,7.739423247494677,8.301781789037642,4.472896243390869
397,0.5173534246269951,9.09667572535272,3.218274629025637
398,0.38612919523022704,5.500046997018318,4.419043236462619
399,1.502683903475427,5.3232680019105825,7.829941722682587
400,7.076861430518785,9.751851752708816,0.682100192238887
401,1.7987756426707302,4.980162064098844,9.50354040673924
402,5.530593963973178,1.5184033336721436,6.94574011773677
403,7.16286736539124,7.703901262749633,9.29878959373935
404,2.1780625306680426,8.210374449317309,1.3478559629459386
405,4.974759087431993,3.082718170725409,5.91749934185608
406,1.7893540468439495,0.10499423008648923,0.9938080675186622
407,5.970087087119293,9.381725711739627,4.802950835337309
408,3.1229054894947095,7.353307141763208,1.9885114958838623
409,6.887786916654692,2.5200579631272326,0.10601005664282681
410,0.4596613382904957,1.8437504717897757,5.6856440635327745
411,2.1664445059521444,1.7689920908124679,6.645125007821353
412,3.5891158477791176,2.688129290731114,7.156870473660706
413,2.7352856814727557,5.845850059594029,7.808886641016945
414,5.225871008330099,3.163908292063049,8.785448727254128
415,0.6444803440578983,5.9737731625642585,1.5512486414345072
416,5.655435494772415,4.541312769375296,8.327821970873588
417,2.682370580016954,4.317710221292106,1.565596113902027
418,7.54126819715486,7.685719764309125,1.7857915987710427
419,8.99027098136147,8.178272018631086,5.426207225934477
420,3.2451713643134994,8.808682241106265,2.1255573679046003
421,5.655620208166782,5.0114914594427145,2.2330440805931664
422,6.118686079466991,2.163477130768464,3.4248601712143856
423,8.788672152060458,9.192231165012766,6.07265536025008
424,4.474331996603166,3.695804265061483,2.300701686710215
425,8.993990648819254,2.0142323613355986,3.9861347076231968
426,7.46897240906523,6.621750043818434,1.8096428767390793
427,9.763223264753332,5.883665338920842,0.0974853095809014
428,2.0677603144428867,2.6470033328008924,5.61277635395224
429,6.179691556248994,5.671097782284672,0.9585144042449856
430,6.475388488624212,2.8930846272401056,9.324749932867874
431,1.9350162298755924,4.347879073198431,4.344932463983907
432,7.503820779301231,6.637112316436655,6.219178850063889
433,6.085976573797851,9.38918781257632,2.8381916729350696
434,2.700615364094551,2.1335939396485704,6.035499319987425
435,7.609598325422665,2.035334060459423,3.104093386606782
436,7.595383428227609,8.07724699683121,3.263169712352111
437,3.2625789736342528,8.36384222585787,0.13819071011316852
438,0.0688714392355827,5.266012089941469,9.172693541338656
439,1.7339441251175325,1.9417460402633835,2.1936035108874705
440,1.7666213709243306,2.2433784924192968,5.3723049392718325
441,6.251475304145776,1.1624331898474871,3.283490195030394
442,6.809045214230248,0.8484888594419548,8.72559579571046
443,4.277579368403586,1.374034274625906,0.8668492590147192
444,9.545143499248942,8.903174527583142,0.3729260101469367
445,8.501955913083846,6.9346790828956975,5.873650602383396
446,2.66382170509182,6.257125536502878,7.430131109122733
447,2.0753140962686665,3.9427743360886867,7.148741307176929
448,5.587877753453596,5.640437844408286,4.395814097869575
449,5.24275920727625,2.4690614079878905,7.3137297817229365
450,5.477743019615203,4.320936916727374,6.472386392637162
451,1.8805942475353243,6.327868020859237,0.07039638325772479
452,3.5838442016282404,0.12534541954259848,5.098600213673523
453,1.4623269741484834,0.2453755311927852,8.695337197191336
454,6.412536330637851,8.156961145447484,1.05510835373534
455,1.7187435407499319,6.002584166559778,6.72549009141182
456,5.175572616626929,8.370978483348745,4.361762602133369
457,2.6300628252889635,4.100097635412653,0.5874583446917236
458,1.7510279578536347,6.160064853893265,5.1338935673610555
459,9.769196972707542,6.573647349209237,3.017839124698357
460,4.284015963242604,2.3768775975053047,7.084345212741288
461,1.1164695066421493,2.56593978926551,6.604501663438117
462,9.700288696766648,2.6131304643334516,1.9595053887928138
463,6.3161556683430415,1.6779256864833625,8.746292358492019
464,1.226884922127096,2.5282894194267467,4.752110234896349
465,9.817326857324186,7.951956791876226,4.4608841272073185
466,2.6158450946285026,5.701830732186435,7.186117979571337
467,7.798288382898417,4.750828073242721,8.319307325181205
468,4.722383754133382,1.1233706630439744,9.3061487750652
469,3.3506347333161166,0.2666391848147731,5.757617974110337
470,5.572978476200376,1.1911723655426332,1.934993716300315
471,1.2092555956532558,0.9901018561770603,1.0752984112825759
472,6.969742519713015,3.9443797524212156,9.64469460100864
473,3.671426480918043,9.428400633839113,8.252184455305185
474,5.804331321907055,2.257932320877578,4.733448067225844
475,4.786611854260023,2.944358080675864,0.4976915220367939
476,3.047279397056455,2.9257148926638132,9.823171806795743
477,3.6420345113489305,4.684993451219169,8.404857188835205
478,9.849940952395572,5.352574368260737,1.6893625222537467
479,6.758585092891289,4.7079581106517,6.526745973927048
480,0.9140453410330873,2.0052595276257557,0.46420374494643757
481,0.3910357501264705,9.040766490659793,4.1794492963710885
482,9.021326709238853,5.492226383692823,1.244915169110551
483,8.902049236229873,2.9579512931585983,7.319473373026169
484,6.154220186745098,6.405610790684682,7.786840152854783
485,8.500044737711603,0.7625393691910332,0.334734180272831
486,4.013494346295939,3.617303239783797,6.476744214747409
487,2.741113497229289,8.115838334506174,8.642573897612078
488,1.8029008191419382,4.153824788869573,7.361760789750754
489,9.490324651113266,7.393280669374853,4.906089332166407
490,7.554525275267209,7.766091657063311,4.7038700580290085
491,9.798270151219473,5.709553993301045,8.802361250292854
492,9.494840676098947,6.220279477711637,0.5669735324891667
493,3.6002110893555983,5.4685098868379285,6.772582826893839
494,3.109188203309301,6.465629222543075,1.3676737263872174
495,3.9739308516840346,2.4359981510622464,2.3668958776161544
496,9.998172482573558,6.395069311121084,8.346017636175398
497,3.0615858156383515,9.912861003515978,8.688496232014245
498,2.152982150217154,0.7481763785344142,8.181507723357143
499,9.121536546696095,8.010675766746383,8.189547365771418
500,9.95620592153552,1.8519629579750718,9.714117763010252
501,6.365983798603942,0.8381061076988738,3.984094182814842
502,7.1443022936626726,9.531630633946657,1.656289506255626
503,7.558858591987532,9.787808240606658,9.366596858050727
504,3.2587302152520845,2.2321310692848737,1.8502768941531311
505,2.1053468713590084,7.3198539700125975,3.555697793725158
506,8.746439697942842,8.835091189446043,7.532939760837074
507,7.630342922829567,1.9917661395256891,6.064408149699837
508,9.47219254574328,7.336586359728251,3.3736578698802475
509,7.0819979800598425,7.189426654918854,1.034811779044582
510,9.354544593155946,6.089627467229884,1.3540287920248606
511,4.287618228832492,4.636842246731882,9.976215031108177
512,1.530393120594361,4.60426942823676,9.475037961872887
513,1.1106864187899657,9.100052767967817,2.478573872639166
514,7.68760848212506,8.817398170457531,5.690365153723381
515,0.23908045436353276,6.2144710498910545,8.786541283196534
516,6.1625449601668025,3.2216490861249514,5.553760874883007
517,3.8165690266018526,8.563719469140796,9.850912178197873
518,4.139196386638064,9.963628662811413,8.980563429123176
519,2.3384439541830293,5.472006052666928,7.117443337662759
520,4.988138585447899,9.744990411828173,3.38654372546912
521,9.344448840150239,9.648562611027922,6.531218529196755
522,6.963967695048774,2.5276121842395027,5.079701925917169
523,3.41844196569955,9.667077933137856,8.238272177527353
524,8.69594321801425,7.89949789131787,4.026969644948668
525,7.859136059340682,6.825178999045834,0.32896896172335266
526,8.754932016866494,6.647809436538732,3.533106511626045
527,6.092878702293585,4.287463221604547,6.596828225664922
528,1.1796399870115937,6.075758774500679,4.046928081869286
529,3.8094093969487677,9.473861078111803,5.3762951027700945
530,9.758753349125946,0.5286859840624225,0.26972863412252357
531,5.100504683090765,5.005758063443935,7.865202020824719
532,0.08409449973507122,7.136440181205071,8.004451009929081
533,9.51684783521959,7.609587111040501,9.15402809209975
534,9.131566080949696,0.47522996354302016,8.407637802824857
535,0.5326157344742877,8.799936107239354,7.314899496868119
536,2.7363357950883294,1.4557218574644493,8.46196617321126
537,8.40463598655234,1.1942903926518023,5.948516575059321
538,3.336782127669488,2.4933870000644687,5.531010847029472
539,3.1922414360313267,6.3275297066012195,7.397716809530666
540,7.660100666598676,9.949601136942949,7.842180459848501
541,1.4267253418116355,3.2541704032842445,8.437887372077174
542,7.135212254269873,3.171032622429073,3.954653376369679
543,9.728318501492403,0.21922242778600554,4.242877441779395
544,7.061985245518995,2.77125163903426,6.445462364208185
545,0.6664521558140746,2.5760229556948544,0.5693868258928392
546,7.271136982733609,9.23627669362531,4.663958904830334
547,0.5137806581217874,5.544677279767952,6.307624765774214
548,7.8193028102758095,0.2514143233962929,5.24146590261581
549,8.179581895912237,2.5617490829726455,5.018754730055734
550,3.315593603060758,3.473176413824083,8.766491139127378
551,4.7689103486281414,0.9812289661367457,4.995525580387659
552,8.130092710125725,6.321912315383606,8.801515209149736
553,1.3659141376495398,8.277401735418572,6.761800211559504
554,1.4296474324901853,0.33445709135215496,3.142276743208682
555,9.769877406719177,4.750215206585359,8.322334214880103
556,8.629749256162972,0.9440440872257261,2.9898808789973232
557,9.913822568014771,8.187314303922697,2.2403486920282534
558,3.3891631528182753,8.927693242711118,2.1387064235313513
559,9.311213725062265,7.713896433864629,2.303311229751084
560,7.2204359855027445,3.0310625458380027,9.565676806175215
561,8.780207002308876,9.170538558555874,2.029530394076234
562,2.3079132404366454,0.8104180190507204,3.021984243731688
563,2.4764033498093974,8.346868651446185,5.702097598439187
564,2.8847667089528697,4.998183247017898,8.128938510067359
565,0.1229105053704449,2.971389159840686,3.438562837869287
566,9.035944439686778,9.40517468963764,1.2146820368326328
567,5.865312142286534,1.1039449664964451,4.115565880346877
568,6.123824303049076,6.749682737590436,5.38116337953475
569,9.699285282726755,0.9896931420309762,6.824392030113016
570,0.21665802097196818,9.143544193800146,6.135657435325238
571,5.396418976510764,1.0291346097420961,3.05359742685428
572,3.919251368868789,6.461014696480327,4.974778117219443
573,5.8170516906116845,6.057387889390505,5.506237358343684
574,9.96551510803895,9.463441290356746,3.612800493794508
575,3.0748055755500783,5.065305482313747,3.2911674067677654
576,7.538305969681389,8.01505481519158,1.987778299131836
577,6.945737376994914,1.164843595935774,6.943738717690085
578,3.841892464066894,8.870763037922314,4.3103895553337725
579,2.713956112137217,4.161565455146192,4.130458131443983
580,0.7529963027163755,2.9130531028372353,8.394358968422893
581,2.329106796751387,2.683676425709484,7.817241012827162
582,0.8666251062064168,8.60954156497001,4.237778439300329
583,4.783335579756648,4.647193567126481,8.75650488008428
584,4.409650365861744,8.880714076231737,4.92809987137408
585,0.5441024708288333,9.75066765952582,1.3688357320759403
586,4.487519513622601,7.374657098860179,1.3613137067857606
587,5.101649904493376,2.2911535880069334,4.304996827745113
588,4.682608931026792,5.378838308938814,4.699979358644426
589,0.8945393593741879,0.3559875535273782,6.041240466647206
590,6.503977942556409,9.186009665120672,0.2667268047294302
591,8.88588583884143,8.769852470650669,3.0659893585291442
592,5.6753883552379545,0.12560452781253506,9.724213478345918
593,8.516555299625185,7.417300603459535,7.713580857771936
594,2.977159901994174,3.982284648136838,3.1729979257856114
595,7.254783309801108,8.17614627277479,7.421316583474773
596,3.2241352868458453,9.579233808593909,6.689654947183275
597,7.1764508434599055,0.13981836132187953,1.0671278832553832
598,8.248548243326518,0.4151936220007424,9.410490211035041
599,0.15197006930720902,4.342875241132031,0.5196866690480917
600,8.68025223855536,2.397089404281132,4.462085294881987
601,5.061471287386061,2.608537577021013,0.9629564786584743
602,5.9478204568550215,0.8094019981647826,6.912648067783537
603,6.777316230077361,4.402871514740156,9.405293196550002
604,7.862126064536662,6.4665537206758215,6.901028688736267
605,2.177223563107862,7.916964978823734,6.340027097667059
606,2.291995265185113,9.371705018291443,4.0583395104373015
607,6.118051406446128,9.168621402128773,6.202747394796884
608,0.3651490101614818,1.1252674124550888,0.48452674645090954
609,8.102996030745903,0.28646581895542256,2.6589643582712785
610,2.8050087269101653,0.8617482798226672,8.418779178313219
611,5.0259067060942115,4.527190546578602,1.0127693659725168
612,2.510694266774549,4.695162365525651,2.1925036611605364
613,2.9035334725159934,9.952165211285704,9.995184261117364
614,9.44908599081893,6.819471265320388,7.605201796054825
615,7.444803260575979,5.0705732603824725,0.3635039761060266
616,2.151625540652139,4.463691882684659,9.99065086576245
617,5.8456396228375365,3.4681048983896523,5.132381798747032
618,3.4437902932399336,4.529216703966109,3.1237306886021807
619,4.11505550264081,9.579691478911046,4.104609573656401
620,6.2461006004602835,0.33399477366021113,7.072431714523381
621,4.064510065293482,9.901957555881907,8.915104359829286
622,4.039386772358583,3.8420083077931966,0.16387624093343267
623,9.058784166824122,7.971875010002965,7.965215547357739
624,7.2711932399830115,1.5753221668550321,4.368798554687729
625,4.994371299481129,6.766233678426916,1.6296954834402266
626,2.697761954824326,2.621748073159341,4.102240092166523
627,6.323736574735165,8.996635653009497,0.2219369646451741
628,2.7513583096428365,5.216221288153818,8.310388161269556
629,7.953951204949606,5.97662335514941,6.254837052837026
630,1.1859181782542239,7.934954876794027,5.925636383044487
631,0.8786900662243569,5.641983545770454,5.14775050584459
632,6.506568345643138,7.0865164754935925,7.719796684011159
633,0.7444095033286324,4.103647598437091,3.4116746891489624
634,6.87097018147612,1.9653816000225277,4.7222659555814515
635,3.0525910250291552,5.288564926443673,4.864979657810764
636,5.001976414763972,4.410629735988447,2.406468276672747
637,5.071764095660712,5.843985698411199,6.685877163208563
638,3.6817144011691596,5.343582633261892,9.15843695695251
639,4.623484282365363,4.202813169155726,9.960438082751974
640,1.6621213004760238,3.6918513530611428,6.678652586472636
641,2.6891258517587113,2.054773698800658,6.079501728326888
642,6.679760867406607,3.897060929433743,7.6318564877372905
643,4.434956230196438,0.6469307534281332,7.241944053305378
644,8.83184859914775,9.60790413135606,5.4199603829241925
645,5.050487571539045,2.686741052552424,8.220114555661409
646,9.17919058054945,5.4590851588408835,1.9014995218671737
647,0.6667376238946565,8.21340115351043,8.921491587657943
648,8.12243630864804,4.867060097309585,6.001015168978129
649,5.2307034718580105,7.396020181655787,3.2934847132475498
650,0.05100995150098653,4.649292991060106,4.548398292533246
651,0.2960043838357218,7.370903865585756,4.114223643430954
652,6.875426310765704,6.475981087026847,5.950145715720438
653,9.628841383560584,9.625567528060452,9.796249236815576
654,0.8847330863544589,8.334068759454343,8.834477661110494
655,8.465966265038897,6.836097931592607,4.114712914060087
656,7.592981551559661,6.41479992574018,0.5774140710878561
657,4.2771738012043805,3.014819260792454,9.203733880538602
658,0.7246657208796881,2.2121036639474125,6.420266614538725
659,7.855632278238031,5.041225842729,4.5912257780728645
660,2.7181674408244803,3.768898653383922,8.085562693253703
661,9.561232514534364,9.82347281323731,1.5555012791813294
662,5.657403112790704,1.5260549188490713,2.4350196534206656
663,3.0426752401666377,9.092942051432072,6.4534356994758335
664,4.84755163862221,3.7171655720602272,8.322350108028283
665,0.7404033304627244,9.528839754619833,6.487290761932129
666,2.3976107968158713,7.806697362231979,5.030680690047841
667,3.5952665906808887,9.1257129866891,6.051608328596726
668,4.164805046848724,9.09789948432805,6.197883153298357
669,9.675638171112261,1.3985958068879911,0.4499425772276644
670,8.19721143011071,4.101170132119345,2.3264136449853567
671,0.7602759859736774,2.774822383108093,0.19642212124096226
672,8.3574572943004,4.905912388999414,9.423891132854514
673,5.110336588379033,7.325679993845334,0.4811213396365277
674,5.75986524184753,3.930218163872431,9.015069951830602
675,1.707860003426943,9.204887092057335,7.645009980480724
676,3.647194650952985,9.42469720822331,6.612507002601234
677,3.935585251517446,5.0875847888304655,2.862867320928747
678,9.708596959057425,1.0594693173192626,8.991532930190537
679,1.1303360497331094,3.7600585606041372,9.129562560139263
680,6.623057748200589,2.8388794181234687,7.137756790666239
681,3.4600929863149013,8.989484487981315,9.718205415523212
682,5.801752775420178,2.1935995356920825,6.662013191037731
683,3.0026431460802683,4.06419013846162,2.1203900144065893
684,8.943194962129056,9.120765889741733,9.239855486018204
685,9.009281612462361,9.641324912416454,8.187476731211683
686,6.166966740818798,2.9408955477963117,1.4633530312053722
687,1.7391456543923123,4.634314846536851,7.869872795074196
688,7.974571515516668,9.047271336985464,3.686102378198095
689,6.6580080552915275,4.653445435195456,5.286524976419945
690,5.722844938557591,2.3731524019132677,2.8828241013371745
691,2.560878651095422,1.3234280641899998,4.21434874831038
692,5.046695705522376,4.377742856746982,2.9875148328961254
693,7.834309574321575,8.050149893793346,1.2149450936248174
694,1.3071284460483468,4.761162140820518,6.9261685792202865
695,0.9485919150187627,8.355864411172774,9.382275506362085
696,0.25099700448432904,9.313765475298595,4.81263154324974
697,9.11320101411087,4.2806776573320695,6.3196916637722325
698,6.288486691818943,4.286839921001495,5.692257313087361
699,1.3196575958974954,2.4703178382216953,9.744945637605646
700,1.2606188059747314,0.32012379331976426,0.20695755644187352
701,2.868668835057495,5.3930373713338495,7.207135109045409
702,4.6734950224617835,3.151653193327549,3.280319558182411
703,1.3285555377395741,4.707344043628019,1.5406056377970478
704,7.267560124667619,8.532019557590678,2.5507951174952614
705,2.9291005880581586,0.6770304688444184,1.9429277695296787
706,8.571137672393844,4.491724431646976,2.4884644330081174
707,9.863267318676797,9.53133258267173,4.301414059041933
708,5.848644361412489,5.184726935491682,8.742521095660404
709,6.821363298677012,7.8557834905321915,1.9652721253254124
710,4.489031338437782,2.937346611146391,4.792458346613737
711,0.5135121716384161,0.5559602076666592,4.333817029202399
712,2.998789732029381,3.249849441657411,0.38872531378321806
713,9.541431598337859,4.617892906741944,4.371508042410382
714,3.6132807113593293,8.005610194602346,2.921936607222534
715,6.3270864090569,6.677906078889412,0.15664691518882723
716,4.277072287245426,5.669838520746826,8.38103403538722
717,9.1740024571536,8.196100294842614,8.356247224574325
718,1.1316616008454128,6.754382236200699,8.692220221769098
719,0.9717862318811965,4.872608724078883,1.018622423038521
720,3.267108303916041,4.895874959579239,9.85657487102223
721,6.680559954140466,0.7663493452863712,9.315305524926465
722,7.569733095075129,1.605757858474125,2.519186035970736
723,6.669520465453389,0.05139413926907643,1.1295660527493967
724,4.304330264032058,4.336112984780258,3.148653534742858
725,7.099922440340273,6.934113796442917,9.785430196734685
726,8.221409433522723,9.420516661704537,2.7989531284945413
727,7.493117248166593,5.697094820618834,1.1645404851886598
728,7.157599869154371,6.290413740836792,1.4508177345750028
729,7.457879526456276,1.1366123171118248,9.147849139708189
730,8.56523392933195,7.8315321509159554,0.9942228402778308
731,2.8979860443356262,9.049277540256174,8.394656879748677
732,8.648309803076842,6.935022018228461,3.380946767373878
733,0.3218029052266791,1.7071965320269222,4.751112851168537
734,2.8941658306524856,5.6579106422197265,2.7547625405478007
735,5.5674200046903755,1.1487084039614792,5.271728867618052
736,0.15583755183927073,6.264100314980232,8.884337642150161
737,4.997454933273298,9.451996414303874,4.600497712162525
738,7.148115810024885,9.66345049875485,7.9166986062686275
739,0.9975063475377177,8.36383540055607,7.71583652901784
740,0.0014516079243076518,2.5543755572445157,6.796459957668949
741,7.664674557616513,1.3287884700854113,8.046525041564122
742,2.0162287882663743,9.222032708070035,0.15527524938979131
743,2.054552917359368,0.32491673972587454,5.694188373682218
744,5.9417612541679095,1.6134435199077268,7.423955339607796
745,9.129458759431326,9.642726340192183,1.13913538444543
746,2.423214840097374,1.06029181029631,9.834677093302522
747,5.189998727670281,7.00577932765486,6.597732891112629
748,3.129131488617186,3.3946936979294184,0.7095269309241936
749,8.993588695074854,0.7044423305443426,4.20354849023788
750,1.0127598440418706,6.159246562505768,0.2229481415117418
751,8.894098648894925,9.349803507772162,8.279073347460926
752,1.4071109911867619,1.6444741537668028,4.964863504684786
753,5.100398110303743,1.1238432031429368,2.5983004580656113
754,9.75166352368685,9.646839071542315,8.648781764097759
755,8.054232845607508,2.456482563738509,2.7343139613532785
756,3.4924450148972,3.630239247707272,3.7038642657276686
757,7.139098384900102,9.52915770855367,2.192299636642149
758,2.8343620559105465,9.058332975021766,4.32269880662134
759,9.068426644802045,5.508333751111901,7.964905508209527
760,0.7253491603579265,4.324469926548421,2.0396786470022654
761,6.4578803066616,9.522509528816222,2.8824568672403226
762,0.6421082639481457,4.0283161153548255,7.15566788636218
763,9.258898112405072,8.075933622640326,2.0791458866297563
764,2.3101292495589965,5.816243955882564,3.478673870617355
765,0.8519922930165114,0.3608936679749819,2.191860053434956
766,0.859924922681895,3.4562546546432515,6.118568237840468
767,2.1698518358885477,2.1831205775962417,3.068942569660594
768,8.142509995481475,7.487127030719534,3.1849632579814435
769,7.1566316229162705,2.6501015756883595,5.288554434589471
770,9.025910736045054,6.600025390543285,3.0462486788184173
771,8.602282817917919,8.282119564135954,7.933003909633275
772,0.5950659636543398,3.8144246583055907,6.763982600742374
773,1.8741665485343928,4.494389937645669,4.213710827449665
774,6.642758579994851,7.6310959797016675,1.1911266227577177
775,5.646728614261817,2.4876278098060567,0.4476275594721868
776,0.8736122676541258,3.2911897864455963,7.423079466178502
777,3.5259439296081596,9.794801677950101,2.2738060296623086
778,9.694481170470016,4.849563162504207,2.9430676398955438
779,7.782224849015034,5.352695387291916,3.0988769861820007
780,7.765331227601005,6.714764961086656,5.147774299671497
781,3.793924716997803,2.742424522728777,9.24625317543265
782,1.334273143751623,8.011726870175655,1.1549849711979276
783,4.32957545689743,8.965671032358761,1.7484305333948813
784,5.431543722883912,3.195390144909307,5.359662622134014
785,6.190535394624833,5.095998860155181,4.588815300223682
786,7.941065449050213,0.06865153285646741,8.339374147135754
787,4.672709727299596,6.833455256744259,2.6453254919183866
788,0.6275622303853068,0.37060904708036135,7.93700497023182
789,1.6374489307149653,9.96637917714002,9.266840228094155
790,6.209037854852073,2.563978134007945,9.080998840497914
791,0.5626851359464613,4.055277044293899,5.412304634105684
792,6.012336289605767,1.4869968268701683,9.169825115212069
793,4.344671791358589,8.105794744805804,9.534079923540187
794,3.8628792837430193,6.037851735336444,8.444450055591261
795,2.8187469365769067,2.713580003950553,2.6163680493066535
796,3.371238354651278,9.432101502369514,6.902218305701229
797,6.724911313937765,0.9760399805815501,1.4635408146866358
798,3.270257155121017,9.631396698941463,8.407818705464548
799,6.249873298590561,8.202914541105118,0.021449603845771215
800,7.044082732112021,2.1734444368315344,5.998702524300281
801,3.89050344698183,5.391041738523389,3.881490137116548
802,3.2021941618150973,5.418149318700092,4.966870986334059
803,2.6015621404761435,9.620441704539774,7.708346509254904
804,4.82172303577841,0.09584031526443049,5.016641078361518
805,7.608584886957141,6.932522009006864,0.6689243447874949
806,8.640700072837754,1.4729692646084824,0.05613175648582325
807,3.4871190127720153,7.455750596873628,7.887989582942198
808,2.8007566844567466,3.493603660012269,8.361114869678975
809,1.630794813229437,4.137817410714137,7.375898821769801
810,9.692991495618067,3.0033086058952287,1.767258618279085
811,6.933669815773912,3.1552670480218548,5.7935958421995135
812,0.025675377233916885,2.7543458339013984,1.310189810981356
813,9.971148734766276,7.232238409938986,0.32985451498583784
814,1.8318649307453527,1.2142166945399169,6.93789091458786
815,9.080720169579854,5.914007451062866,2.0068526240185856
816,9.542923303954367,8.756270634599371,4.757072474327396
817,2.825966737059593,3.847680836871925,1.6849464439314588
818,0.08923790065755166,1.3517490723675607,4.540179399855322
819,5.455011829751216,5.01654514647213,7.71575505369214
820,3.9176749991867377,9.262622564024696,7.525287858418287
821,5.783104715057642,4.163002909848753,9.139258566784866
822,2.2850777319249893,7.678995130243828,9.299489805519109
823,9.992322980866513,4.723142684113574,9.949913409417512
824,0.7946616897507275,9.535554965668428,4.175332528082669
825,4.514020585902182,2.8031962654508105,4.933692120763784
826,3.0895450039104597,1.193256501967619,2.038190319123667
827,6.912400131662416,4.798763336040528,1.2990170185562677
828,4.284989849219683,4.884914177007995,0.15209410342165497
829,2.1919463826042884,7.39483446223804,0.18598143495110242
830,7.420796564715553,4.50499136149161,6.283652361714763
831,9.491991655727915,1.6380257372463825,8.893731699556392
832,5.11360267283438,2.436861309445338,1.1094233522248764
833,6.909797088459158,0.8051556702015661,3.3872777581957614
834,3.4411573829975417,2.5937997761159926,8.238420537134077
835,3.6804382482235596,9.452901896041645,7.8009835850347695
836,2.6767849927400644,8.329921510700034,0.8587248464698283
837,4.158906379691059,4.764194080081603,5.893351294675593
838,7.7427543114881825,2.375984740756989,0.012411739221447338
839,7.697738693411794,7.4824226117097545,6.349533483212886
840,4.762712934489821,4.215105003942919,9.158872703429013
841,4.033017925868054,3.3259448695106175,5.992821798794386
842,2.772808488173233,4.629773398888169,8.908560263799398
843,1.047786755166642,1.2983058281888071,0.9386099645316803
844,3.51484803972991,6.051524205870127,6.611772077112467
845,8.067819852995234,3.9934657292314943,3.657738615751355
846,6.096921700187291,8.603651073093793,8.861869192297458
847,9.95304645343427,6.162203912905331,8.788610418710475
848,5.08909761509221,5.491811391007634,0.24152167657243262
849,2.5815956818082784,0.6355733847385237,9.035407323912128
850,5.6601452508080445,3.0790541216869594,9.313932606608077
851,1.385399367913891,2.7036481158928294,9.319521462932366
852,2.6544007421414273,1.3116075172615982,5.238938032423612
853,8.460503815054738,1.9994764412697497,4.99764397492494
854,5.6966870917017145,2.0695548356607,3.2021385007815386
855,1.9225077179513828,1.9476577301526765,6.535269276670862
856,1.2282770252544506,6.495272114140987,0.2672555624053219
857,1.6989005878778085,2.7986165596282744,4.208951410481092
858,0.3588036964107133,2.4871983444678536,6.141707836910103
859,9.564018565088116,4.596051573906736,0.9409670364612066
860,1.90917709545957,2.844786981923785,4.533973267973747
861,3.6512094064792033,9.906668641623721,5.20828648035106
862,3.9370557704421225,6.6202666441254046,7.636041645888538
863,7.971749524273247,1.2660057511359024,3.2956325542145573
864,5.357163556876738,5.519441373721417,0.6954367333934308
865,7.413141760585158,9.490018489158352,4.119752315864118
866,5.203991535223156,5.474101163343793,4.482076485031332
867,1.7349142992853595,7.273845407134932,5.046623160678366
868,9.085114852254954,7.313713926310607,3.702388965494512
869,8.582409840013213,3.571921654143501,3.379494728891456
870,6.561810934052619,5.844968374023473,5.661784808270072
871,8.877554283065642,8.440032016265665,8.129565800457643
872,7.359174728417285,4.875194736284103,4.13761888397608
873,6.616813333862042,3.0849418896745195,3.532733331799859
874,2.7929449904817583,9.067644553761646,9.113820700043965
875,0.0012109673843863078,4.870794278398839,8.704307286674368
876,0.16568924271096241,1.722367248584813,6.247898493033565
877,2.6374034663427848,9.225571253051054,6.583607800957193
878,6.719152410679198,4.124829912108373,8.77411567206087
879,2.9669816645139835,2.162786379347661,5.912913924367978
880,9.344824076468495,4.642058928711342,5.590031504946079
881,7.948923576141009,3.068239410515848,9.420705552121188
882,2.2440067601780456,2.481971678412153,0.020494737253953232
883,0.03321732834369984,6.52162674079313,5.193324552823845
884,7.779106968923983,0.296192671613833,9.884020091904144
885,7.324578483720168,4.920739055460935,0.162058234653627
886,5.471095804159724,4.648218942062839,9.812664552689519
887,8.759128851580751,8.237893248777779,3.6932320555518006
888,6.261656884864818,3.323663259543296,9.244190301432074
889,7.775413288894205,8.910189991906368,1.7737752938422802
890,3.2954123874558183,5.488191749413064,6.456790018170102
891,0.8375793648304541,7.935285853740463,4.529367583191366
892,1.3413414430575932,4.256930661680835,8.847043767332588
893,0.7646130022876785,3.6789593639893257,6.919714016590618
894,3.4012614606346547,5.417507060065306,6.94554564995544
895,0.676584604661552,2.05740703469257,1.6943077006982
896,1.719495115287346,9.920981457964464,8.172776884691316
897,4.6938896031249655,2.6633956057990638,7.086152421611748
898,6.112881348458742,2.9287160673936286,0.056873166028994504
899,2.927680170021879,8.279615774790924,6.996426205564602
900,3.659960738980862,3.4129343259719813,6.047834831081436
901,1.6937724442460467,1.4500256338811013,6.937918830568329
902,8.962122393543812,0.2868651822654167,5.057823710338045
903,0.5026757091563405,5.911708149388195,2.2213614057215203
904,7.529582798196543,8.128837040934702,8.202290619549126
905,1.035097449979373,8.167960379339481,5.74653245952716
906,1.5861864006969861,5.372953148963717,8.432812340699412
907,4.823561670340098,5.681793703837915,3.6252000730523215
908,3.8515651021461705,2.053672852859995,2.0659931131130316
909,1.4646647089529852,1.543917069025258,1.8796076704369158
910,8.951827057045476,6.761041026526117,8.202990103205419
911,0.7180685546548826,3.8348156929867017,9.830132135755969
912,2.4866595791395563,9.864026048351095,9.768294480531203
913,5.422367070455417,4.148908531205428,0.47090988295577674
914,9.510089163915769,2.8653898086225107,3.832157921407482
915,2.93725842376361,8.850774011947959,7.592530140988717
916,3.987304570984005,3.030674706602018,6.591596285780996
917,4.473691019811275,4.3000174842199765,2.588297919690276
918,7.883305126921729,8.575152826330779,7.165217366430655
919,9.091965210717142,3.5724413478724415,3.017240366705678
920,6.769691943222426,5.932398855683023,2.200017213907711
921,5.148251490713359,8.228259350292166,6.674757029773415
922,2.5144854367597502,6.066725759203039,3.109691466386122
923,7.09065191290451,4.052482956230623,9.19946831576107
924,0.3946590501840186,4.523184065471975,8.686428145699752
925,2.6386144030638725,4.198721930006508,7.874885264124057
926,3.1121613752173536,5.51468416778936,7.727403580037882
927,0.5991625486501639,4.838217175516947,2.04951961222287
928,3.8061060395592183,5.466829481780334,0.7059217761515235
929,2.52983868851677,5.356574322657016,4.5832031411179095
930,2.941912067358775,6.759763675892627,7.859074320577104
931,0.21378004584205024,0.5452801523636619,7.844111040332339
932,9.927328654046404,8.77774725466276,2.5321470004233193
933,8.948739952911893,7.334073012317008,9.394109400956246
934,6.495243813727352,3.582801617636605,5.029323273659207
935,3.8037351670708395,7.0762240478034695,7.2878383003929805
936,6.183565528709966,4.474878720088993,3.928473912882601
937,3.205157102797689,2.15449554032202,6.87381825056936
938,2.0087078608176356,6.932519699187544,0.9050000925549306
939,0.8476125251683364,6.642366774656603,4.067640853767195
940,4.334275948531653,9.023993285195777,7.092496506496691
941,7.803854857735091,7.282546066451387,0.5782486140706289
942,3.054087035790208,8.019697832881294,9.987522434039352
943,3.415243341168673,7.605895146744968,1.0199897665821323
944,8.652872171564752,8.199013715987203,6.450100377039644
945,1.4090766959802148,4.524493249540052,3.627046612245728
946,6.231964933669354,6.855608754070818,4.115806851427319
947,5.123832472097671,6.72088914239157,9.703545402134248
948,4.1505482521877735,8.301144273455664,9.550237910134795
949,3.7219879082978835,5.073588195064531,0.47144931313376937
950,2.499180113967736,1.489617684513167,3.4928149478515715
951,8.232429976741894,5.614138407329598,8.78804603807505
952,2.961060796290721,8.481527884601142,8.579235605142356
953,6.146058554565572,7.509629965221452,7.1210220723201605
954,8.010624881445214,5.044732345534928,0.48328078958596365
955,2.874007862275559,9.720753030334087,0.9243151857416176
956,8.313415341365454,1.1942810960931138,7.015732684697001
957,3.426698806007078,9.326328133563788,2.163814903318487
958,5.642846476581185,1.929291610833942,0.9039247471493517
959,3.2002947897367005,1.5869739899440138,0.15422732077320145
960,1.4604814007950273,1.2002504630864308,4.322294235243644
961,2.8367000495938055,7.5155183491396365,3.5737657142354173
962,8.460897811598269,5.274384011104849,0.5142133298018348
963,0.8047636161814564,6.719385694830606,7.279760625752206
964,7.189377589467329,1.148439297042857,4.7381081635780635
965,3.046137483021644,9.79906144316408,9.23452736426913
966,5.883752534103684,8.890363110909279,5.827521119208297
967,9.361074216690387,7.471610084425561,6.797729927823458
968,1.1981603999279988,8.140410611437947,5.399132018110101
969,2.7019302592192407,9.838104563083585,1.8941147896840282
970,4.553633681868256,8.269895318193871,3.103263712271832
971,1.9632261171293608,3.467320900082367,6.005082803200802
972,9.3355854310313,5.720848651428904,9.89494406827266
973,9.405046083002206,2.5271747521383503,3.872859704565832
974,1.7556821689121405,5.7643743872528095,1.2776344338229428
975,4.674707377367736,5.397326485495574,7.51657857606832
976,4.479827847592275,2.0126366780324423,9.04255717027487
977,8.541478141235357,4.835196408230057,5.730164382508337
978,9.076305810355246,7.806982139232926,6.035089635782671
979,7.9157007084985755,0.6245155237939559,8.670071322738828
980,0.8263955194301498,2.1305806514233994,9.962848252229179
981,5.8309737523383856,9.487459022738932,6.536358944708739
982,6.9718020008997605,9.335075993243379,7.245500139204969
983,7.904474302060297,9.25858495506935,0.5624172124066895
984,2.2429111720402553,4.977389136085353,4.032777828841018
985,6.109974555224906,8.354752092947738,8.289803215821829
986,5.795656798894171,4.2161697841701145,5.2169388295055725
987,4.64990236163075,4.743057455703267,7.611441455851404
988,9.680110368246389,7.065990260410786,0.6520511380510152
989,3.828225362001134,3.6117036386008183,8.679320123166177
990,9.641051410092357,3.265219551280183,1.7386418203473308
991,3.475930235971718,2.86552359105562,0.4691950410440182
992,1.8339611092915409,5.560936661424192,8.059868653773606
993,2.7783370535910326,6.769909459670986,3.908469288641961
994,0.7614609413159523,3.364479774285881,1.2696677959136593
995,0.8580681940968404,3.9266689901507377,7.837523368624236
996,7.388937281111368,3.7189312080204537,8.918780651969909
997,1.5124025845537625,2.797173890009408,6.351921227267273
998,8.303899681909655,2.6561678917462848,5.113354080245269
999,5.585899864431337,6.867667826848112,6.707016252397114
